ibm,nombre,cargo,servicio
33499,Joel Abdías Sis García,,
33421,David Antonio Salazar Arriola,,
1004282,Aylwin Obed Lemus Lemus,,
2009362,Mynor Jose Erazo Bautista,,
2009616,Lucylena Yamileth Ramirez Tenas,,
1005957,Leslie Samantha Cerna Veliz,,
2009826,Carla Siu Mei Luna Quinto,,
34155,Deysi Yaneth Resuleu Claros De Ayala,,
1002882,Marleni Elidbeth Monroy Roque,,
1003010,Eva Judith Fajardo Cerritos,,
1005904,Silvia Verónica Acevedo Sagastume,,
1005933,Berlin Elvira Felipe Hernandez,,
2005655,Adilia Margueli Martinez Agustin,,
38303,Jose Alexander Diaz Mendez,,
2007996,Edvin Alexander Diaz Flores,,
28533,Sofia Elizabeth Flores Monroy,,
2007582,Andrea Selena Arriaza Lopez,,
2008155,Kandy Melina Garcia Martinez,,
2001211,Ingris Llaneth Zelaya Morales,,
1005903,Sesibel Del Rosario Diaz Lopez,,
34950,Blanca Celita López Gregorio,,
29248,Oralia Del Carmen Moscoso Urrutia,,
2007673,Sandy Maoli Martinez Perez,,
1002736,Rosa Yesenia Aguirre Osorio De España,,
1003405,Dina Del Rosario Antón Almazán De Pérez,,
2004969,Nely Esperanza Ventura Ramírez De Vásquez,,
32779,Deysi Odeth Marroquin Tejada,,
2002516,Kimberly Mishel Archila Cordero,,
2006516,Ingrid Yaritza Flores Pérez,,
2007236,Marjorie Daniela Zabaleta Lima,,
2003064,Daniel Enrique Carrazco Lopez,,
30495,Mario Anibal Arriaza Ajurin,,
37381,Hugo Ramiro Orozco Aguirre,,
37630,Byron Estuardo Lopez Lucero,,
37289,Vicente Zacarías Gabriel,,
1000242,Cristian Roberto Revolorio Lemus,,
2008273,Alex Ariel Najera Agustin,,
35510,Juan Angel Lopez Ramos,,
24965,Enma Lorena Contreras Velasquez De Coronado,,
34811,Rubenia Virginia Monroy Lopez,,
